key,value,notes
gauge_max,100,gauge size of every rank
idle_grace_ms,2000,no decay for this long after the last style event
drop_refill,0.6,gauge fraction kept after decaying down one rank
popup_seconds,1.6,how long the rank-change pop-up stays up
sound_rank_up,zmb_cha_ching,stock alias (proven in Phase 0 C2)
sound_rank_down,evt_perk_deny,stock alias (proven in Phase 0 C2)
fake_min,10,debug fake event minimum points
fake_max,40,debug fake event maximum points
fake_interval_ticks,6,debug fake event every N quarter-seconds
